Sample,Mean read 1 length before filtering,Mean read 1 length after filtering,Mean read 2 length before filtering,Mean read 2 length after filtering,Duplication rate,Q20 bases before filtering,Q20 bases after filtering,Q30 bases before filtering,Q30 bases after filtering,total reads before filtering,total reads after filtering,reads with low quality,reads with too many N,reads too short,read 1 adapter,read 2 adapter
SC01,100,98,100,98,0.237891,0.977831,0.989449,0.947805,0.962064,37974900,36943740,948602,62216,20342,AGATCGGAAGAGCACACGTCTGAACTCCAGTCA,AGATCGGAAGAGCGTCGTGTAGGGAAAGAGTGT
SC02,100,98,100,98,0.233256,0.970949,0.989326,0.940795,0.961809,41308438,39698406,1518954,68078,23000,AGATCGGAAGAGCACACGTCTGAACTCCAGTCA,AGATCGGAAGAGCGTCGTGTAGGGAAAGAGTGT
SC03,100,98,100,98,0.286306,0.976899,0.989308,0.946234,0.96144,37214198,36152462,980336,60622,20778,AGATCGGAAGAGCACACGTCTGAACTCCAGTCA,AGATCGGAAGAGCGTCGTGTAGGGAAAGAGTGT
SC04,100,98,100,98,0.278797,0.976337,0.98922,0.945574,0.961268,35677956,34614576,984642,59260,19478,AGATCGGAAGAGCACACGTCTGAACTCCAGTCA,AGATCGGAAGAGCGTCGTGTAGGGAAAGAGTGT
SC05,100,97,100,97,0.186622,0.972853,0.989313,0.942116,0.961946,33478996,32306740,1097698,54402,20156,AGATCGGAAGAGCACACGTCTGAACTCCAGTCA,AGATCGGAAGAGCGTCGTGTAGGGAAAGAGTGT
SC06,100,98,100,98,0.24262,0.975629,0.988651,0.943063,0.959091,33409776,32407746,930248,54428,17354,AGATCGGAAGAGCACACGTCTGAACTCCAGTCA,AGATCGGAAGAGCGTCGTGTAGGGAAAGAGTGT
SC07,100,98,100,98,0.121663,0.974582,0.989233,0.944229,0.961798,32904502,31805334,1027228,53588,18352,AGATCGGAAGAGCACACGTCTGAACTCCAGTCA,AGATCGGAAGAGCGTCGTGTAGGGAAAGAGTGT
SC08,100,97,100,97,0.234626,0.97498,0.989216,0.944137,0.961521,35474292,34331328,1065390,57942,19632,AGATCGGAAGAGCACACGTCTGAACTCCAGTCA,AGATCGGAAGAGCGTCGTGTAGGGAAAGAGTGT
SC09,100,98,100,98,0.31043,0.977555,0.988739,0.935181,0.949358,50183990,48938168,1221618,8580,15624,AGATCGGAAGAGCACACGTCTGAACTCCAGTCA,AGATCGGAAGAGCGTCGTGTAGGGAAAGAGTGT
SC010,100,98,100,98,0.214764,0.975045,0.98874,0.940897,0.957651,37450770,36292110,1096060,48926,13674,AGATCGGAAGAGCACACGTCTGAACTCCAGTCA,AGATCGGAAGAGCGTCGTGTAGGGAAAGAGTGT
SC011,100,98,100,98,0.231117,0.974404,0.988591,0.939829,0.957172,35315782,34174862,1081474,46508,12938,AGATCGGAAGAGCACACGTCTGAACTCCAGTCA,AGATCGGAAGAGCGTCGTGTAGGGAAAGAGTGT
SC012,100,98,100,98,0.124112,0.976043,0.989491,0.944377,0.960522,36778426,35638208,1077880,47824,14514,AGATCGGAAGAGCACACGTCTGAACTCCAGTCA,AGATCGGAAGAGCGTCGTGTAGGGAAAGAGTGT
